{
  "version": "1.1.1",
  "windows": {
    "main": {
      "main": true,
      "url": "app://editor/index.html",
      "windowType": "dockable",
      "x": -8,
      "y": -8,
      "width": 1296,
      "height": 705,
      "layout": {
        "children": [
          {
            "children": [
              {
                "active": 0,
                "children": [
                  "hierarchy"
                ],
                "height": 226,
                "type": "panel",
                "width": 290
              },
              {
                "active": 0,
                "children": [
                  "assets",
                  "cloud-function"
                ],
                "height": 426,
                "type": "panel",
                "width": 290
              }
            ],
            "height": 655,
            "type": "dock-v",
            "width": 290
          },
          {
            "children": [
              {
                "children": [
                  {
                    "active": 0,
                    "children": [
                      "scene"
                    ],
                    "height": 316.82293701171875,
                    "type": "panel",
                    "width": 409.9895935058594
                  },
                  {
                    "active": 0,
                    "children": [
                      "node-library"
                    ],
                    "height": 316.82293701171875,
                    "type": "panel",
                    "width": 264
                  }
                ],
                "height": 316.82293701171875,
                "type": "dock-h",
                "width": 676.9896240234375
              },
              {
                "active": 0,
                "children": [
                  "console",
                  "timeline",
                  "game-window"
                ],
                "height": 266,
                "type": "panel",
                "width": 676.9896240234375
              }
            ],
            "height": 585.8333740234375,
            "type": "dock-v",
            "width": 676.9896240234375
          },
          {
            "active": 0,
            "children": [
              "inspector",
              "cocos-services"
            ],
            "height": 585.8333740234375,
            "type": "panel",
            "width": 307
          }
        ],
        "type": "dock-h"
      },
      "panels": [
        "hierarchy",
        "assets",
        "cloud-function",
        "scene",
        "node-library",
        "console",
        "timeline",
        "game-window",
        "inspector",
        "cocos-services"
      ]
    }
  },
  "panels": {
    "project-settings": {
      "x": 350,
      "y": 64,
      "width": 602,
      "height": 564
    },
    "preferences": {
      "x": 350,
      "y": 64,
      "width": 602,
      "height": 564
    },
    "sprite-editor": {
      "x": 130,
      "y": 148,
      "width": 518,
      "height": 538
    }
  },
  "panelLabelWidth": {
    "inspector": null
  }
}
