{
  "__type__": "cc.BitmapFont",
  "_name": "stake_number",
  "_objFlags": 0,
  "_native": "",
  "fntDataStr": "",
  "spriteFrame": {
    "__uuid__": "8dd125b5-1814-4bf5-b885-8497a0970d3e"
  },
  "fontSize": 26,
  "_fntConfig": {
    "commonHeight": 28,
    "fontSize": 26,
    "atlasName": "stake_number.png",
    "fontDefDictionary": {
      "32": {
        "rect": {
          "x": 98,
          "y": 32,
          "width": 0,
          "height": 0
        },
        "xOffset": 0,
        "yOffset": 25,
        "xAdvance": 6
      },
      "36": {
        "rect": {
          "x": 2,
          "y": 2,
          "width": 14,
          "height": 28
        },
        "xOffset": 1,
        "yOffset": 0,
        "xAdvance": 15
      },
      "44": {
        "rect": {
          "x": 89,
          "y": 32,
          "width": 7,
          "height": 12
        },
        "xOffset": 1,
        "yOffset": 18,
        "xAdvance": 8
      },
      "48": {
        "rect": {
          "x": 36,
          "y": 2,
          "width": 15,
          "height": 22
        },
        "xOffset": 1,
        "yOffset": 3,
        "xAdvance": 15
      },
      "49": {
        "rect": {
          "x": 53,
          "y": 32,
          "width": 13,
          "height": 22
        },
        "xOffset": 2,
        "yOffset": 3,
        "xAdvance": 15
      },
      "50": {
        "rect": {
          "x": 53,
          "y": 2,
          "width": 15,
          "height": 22
        },
        "xOffset": 1,
        "yOffset": 3,
        "xAdvance": 15
      },
      "51": {
        "rect": {
          "x": 70,
          "y": 2,
          "width": 15,
          "height": 22
        },
        "xOffset": 1,
        "yOffset": 3,
        "xAdvance": 15
      },
      "52": {
        "rect": {
          "x": 18,
          "y": 2,
          "width": 16,
          "height": 22
        },
        "xOffset": 1,
        "yOffset": 3,
        "xAdvance": 15
      },
      "53": {
        "rect": {
          "x": 87,
          "y": 2,
          "width": 15,
          "height": 22
        },
        "xOffset": 1,
        "yOffset": 3,
        "xAdvance": 15
      },
      "54": {
        "rect": {
          "x": 104,
          "y": 2,
          "width": 15,
          "height": 22
        },
        "xOffset": 1,
        "yOffset": 3,
        "xAdvance": 15
      },
      "55": {
        "rect": {
          "x": 2,
          "y": 32,
          "width": 15,
          "height": 22
        },
        "xOffset": 1,
        "yOffset": 3,
        "xAdvance": 15
      },
      "56": {
        "rect": {
          "x": 19,
          "y": 32,
          "width": 15,
          "height": 22
        },
        "xOffset": 1,
        "yOffset": 3,
        "xAdvance": 15
      },
      "57": {
        "rect": {
          "x": 36,
          "y": 32,
          "width": 15,
          "height": 22
        },
        "xOffset": 1,
        "yOffset": 3,
        "xAdvance": 15
      },
      "65509": {
        "rect": {
          "x": 68,
          "y": 32,
          "width": 19,
          "height": 21
        },
        "xOffset": 5,
        "yOffset": 4,
        "xAdvance": 26
      }
    },
    "kerningDict": {}
  },
  "_fontDefDictionary": null
}