{
  "6cdb8230-8d92-4592-8f0b-7ad166e03216": {
    "asset": 1633595684573,
    "meta": 1633611480766,
    "relativePath": "res"
  },
  "b057d4dd-8301-44bf-9cea-ab3e28e082b8": {
    "asset": 1633597017818,
    "meta": 1633611480767,
    "relativePath": "scenes"
  },
  "f83fae5e-4c6c-41f6-9f9a-20e852916691": {
    "asset": 1633596574306,
    "meta": 1633611480768,
    "relativePath": "scripts"
  },
  "e4ed2adb-6234-425a-a92f-e88bb311ad6e": {
    "asset": 1633267064206,
    "meta": 1633267064247,
    "relativePath": "res\\1701736dedde7e13f2fa4b4bfe371a0.png"
  },
  "0862e5f4-9f48-4e96-ae12-fea3977a06cb": {
    "asset": 1633267064206,
    "meta": 1633267064253,
    "relativePath": "res\\button_on.png"
  },
  "31b8741a-82a7-4632-ba70-319141b8e03e": {
    "asset": 1633267064216,
    "meta": 1633267064301,
    "relativePath": "res\\452b0d395854f7578161d31fba14887.png"
  },
  "8ba2d3f4-7f68-4988-b01f-80ae526526ad": {
    "asset": 1633614844923,
    "meta": 1633614844932,
    "relativePath": "scenes\\game.fire"
  },
  "8639155a-a4c0-4554-8912-71ad1941ecd8": {
    "asset": 1633267822276,
    "meta": 1633267822300,
    "relativePath": "res\\a05f77b338e7595cc80c1a00af40c67.png"
  },
  "40fc4102-e978-4a43-be56-727fe3a881a5": {
    "asset": 1633271425627,
    "meta": 1633271425650,
    "relativePath": "res\\x.png"
  },
  "ef23a5f5-78b7-4602-815a-097c52616dd5": {
    "asset": 1633271616737,
    "meta": 1633271616768,
    "relativePath": "res\\bangdan.png"
  },
  "25eea902-c6d9-4b5b-a8d0-4226216e1cb1": {
    "asset": 1633271804113,
    "meta": 1633271804151,
    "relativePath": "res\\b.png"
  },
  "cefadc3b-e272-43ba-8c88-e329b788dc69": {
    "asset": 1633273052849,
    "meta": 1633273059876,
    "relativePath": "scripts\\guizejs.js"
  },
  "39b91920-6359-4495-9e3a-b18b0dd13fa2": {
    "asset": 1633273057195,
    "meta": 1633273059896,
    "relativePath": "scripts\\homejs.js"
  },
  "04af07e0-d229-4e6f-9c41-e7f9de9340e1": {
    "asset": 1633615315628,
    "meta": 1633615315635,
    "relativePath": "scenes\\guize.fire"
  },
  "f165620d-2cbe-4e9d-9e33-64459b802956": {
    "asset": 1633275857021,
    "meta": 1633275857042,
    "relativePath": "res\\c707747898d554b35a8c68b662fb407.png"
  },
  "99705bfa-ea3b-403b-ad40-a9ed208e13c4": {
    "asset": 1633615435168,
    "meta": 1633615435182,
    "relativePath": "scenes\\playing.fire"
  },
  "7446027c-7915-46cd-8a92-42b36ddbf0b0": {
    "asset": 1633346958849,
    "meta": 1633346958891,
    "relativePath": "res\\6.png"
  },
  "41be13c6-24d4-4cc7-a3e4-cce729efb1d6": {
    "asset": 1633346958852,
    "meta": 1633346958894,
    "relativePath": "res\\3.png"
  },
  "53440092-a361-4f44-a2e0-eb8e0b527fbe": {
    "asset": 1633346958851,
    "meta": 1633346958911,
    "relativePath": "res\\1.png"
  },
  "a66580d6-4c76-4f90-a0d7-b63f70df8faa": {
    "asset": 1633346958853,
    "meta": 1633346958914,
    "relativePath": "res\\4.png"
  },
  "215c60d6-414d-469e-82f0-58a3a24f27c7": {
    "asset": 1633346958853,
    "meta": 1633346958928,
    "relativePath": "res\\2.png"
  },
  "5a1b85b2-fea5-4e98-92ba-10a6bef116af": {
    "asset": 1633346958853,
    "meta": 1633346958932,
    "relativePath": "res\\5.png"
  },
  "0e7b409a-0665-41a2-ad8c-dbad9cc8ad21": {
    "asset": 1633448030315,
    "meta": 1633451875244,
    "relativePath": "res\\ca.png"
  },
  "9af8f1ea-5481-4bd7-af51-814f7cf5c3eb": {
    "asset": 1633448042275,
    "meta": 1633451868115,
    "relativePath": "res\\c.png"
  },
  "0e46046f-403d-4e0b-bb7d-79b2b53294c0": {
    "asset": 1633448095045,
    "meta": 1633451888784,
    "relativePath": "res\\caa.png"
  },
  "2aedd231-fd51-41a0-92cc-13fa58f48ca1": {
    "asset": 1633616252352,
    "meta": 1633616252361,
    "relativePath": "scenes\\touzi.fire"
  },
  "18695b18-bb20-445f-a05e-b2dc23f8007c": {
    "asset": 1633453173829,
    "meta": 1633453173854,
    "relativePath": "res\\8707d5d4f722722e0a1b06d923d25a4.png"
  },
  "08df4ba9-4110-4b49-9c8e-0cca8224ebe4": {
    "asset": 1633458857381,
    "meta": 1633458862389,
    "relativePath": "scripts\\gotoanswer.js"
  },
  "5b523bf8-cec4-468c-90f1-d0e635154bb1": {
    "asset": 1633487397368,
    "meta": 1633487397405,
    "relativePath": "res\\g3.png"
  },
  "16eed512-ff89-49f5-a918-1c663effb03e": {
    "asset": 1633487397368,
    "meta": 1633487397410,
    "relativePath": "res\\g2.png"
  },
  "e306daad-e295-4c74-b35c-708be014f587": {
    "asset": 1633487397368,
    "meta": 1633487397427,
    "relativePath": "res\\g1.png"
  },
  "9117f74c-5cdf-41df-ab49-fff37f3487a3": {
    "asset": 1633487397368,
    "meta": 1633487397428,
    "relativePath": "res\\gg4.png"
  },
  "af441406-075e-46bf-8da8-a33f87bf3839": {
    "asset": 1633487397368,
    "meta": 1633487397442,
    "relativePath": "res\\gg5.png"
  },
  "4d7cdd27-2954-4e27-835e-620ecd62a23d": {
    "asset": 1633487546163,
    "meta": 1633487551397,
    "relativePath": "scripts\\cow.js"
  },
  "716a4ef3-afb6-41a7-8230-95660b0c650b": {
    "asset": 1633502719662,
    "meta": 1633502719669,
    "relativePath": "rolling.prefab"
  },
  "c4893756-9de1-4c8b-a2e5-cc03a60aa72c": {
    "asset": 1633503856431,
    "meta": 1633503856467,
    "relativePath": "res\\35e92ba6815c5ff89272bfed87a27e2.png"
  },
  "ed5e871a-5a02-448b-82d5-4ad37e33d511": {
    "asset": 1633504376808,
    "meta": 1633504376872,
    "relativePath": "res\\u=596960773,2831354339&fm=26&fmt=auto.webp"
  },
  "42f63728-403d-4a9c-9d10-cc5e171def8a": {
    "asset": 1633505960652,
    "meta": 1633505960684,
    "relativePath": "res\\9bba994bcce99b959934e6c39255e52.png"
  },
  "e87e8567-2765-4e93-80bf-22f147be367a": {
    "asset": 1633508734540,
    "meta": 1633508746077,
    "relativePath": "res\\bangyan.png"
  },
  "fb06915c-bb68-4dc2-8870-6e58ea3b43d0": {
    "asset": 1633508751021,
    "meta": 1633508777249,
    "relativePath": "res\\jinshi.png"
  },
  "2de20bc6-7b5d-4a74-bd4e-59b58305aee9": {
    "asset": 1633508785357,
    "meta": 1633508792774,
    "relativePath": "res\\juren.png"
  },
  "6579f118-502f-486c-ada9-79ec7de79f98": {
    "asset": 1633508797332,
    "meta": 1633508805151,
    "relativePath": "res\\tanhua.png"
  },
  "3867fddb-18f9-435d-97ce-282cc21db0ae": {
    "asset": 1633508812169,
    "meta": 1633508818833,
    "relativePath": "res\\xiucai.png"
  },
  "b0cdfc0a-5bf8-4bba-8cf5-34078f6609ed": {
    "asset": 1633508822867,
    "meta": 1633508829321,
    "relativePath": "res\\zhuangyuan.png"
  },
  "a88c202b-1141-4a7b-a462-ea5c8b5b4de1": {
    "asset": 1633511981870,
    "meta": 1633512059724,
    "relativePath": "scripts\\turnall.js"
  },
  "ab9df44e-3225-4821-af1e-b14ad28abbbe": {
    "asset": 1633512557238,
    "meta": 1633512566205,
    "relativePath": "res\\goon.png"
  },
  "6c021ab9-1ab2-4af1-a701-6a579b80cdff": {
    "asset": 1633512807102,
    "meta": 1633512809575,
    "relativePath": "scripts\\totouzi.js"
  },
  "b2c2d355-bcaf-4899-8e95-6b47715e39a0": {
    "asset": 1633513357503,
    "meta": 1633513364714,
    "relativePath": "res\\jieguo.png"
  },
  "62067c21-bdc9-4eb4-af69-50991862cc9d": {
    "asset": 1633513518070,
    "meta": 1633513518113,
    "relativePath": "res\\c2f4f3563236e029800968c7e4eeee6.png"
  },
  "0adda952-1210-4475-af49-040c93c0bad0": {
    "asset": 1633513565641,
    "meta": 1633513565686,
    "relativePath": "res\\ae827ad84bccb691476255312738918.png"
  },
  "3019e56d-1d5b-4039-9f25-77d0141a795e": {
    "asset": 1633513575247,
    "meta": 1633513575289,
    "relativePath": "res\\bb76c051a174f219653e8169d6da1d1.png"
  },
  "5cda15e8-ed2b-4751-95c0-d27edf7b1dbe": {
    "asset": 1633513595529,
    "meta": 1633513595574,
    "relativePath": "res\\45e0bfe6789217d3be5972122899f39.png"
  },
  "d1a5ac28-6b5a-4aef-9e74-01cc7be6793f": {
    "asset": 1633513611932,
    "meta": 1633513611973,
    "relativePath": "res\\2a76279ba32666a51057ef9f37e5ec5.png"
  },
  "0e8946d6-8add-49ba-aa24-0cf1604fc553": {
    "asset": 1633612267749,
    "meta": 1633612267760,
    "relativePath": "scenes\\num.fire"
  },
  "5c3eedba-6c41-4c0c-9ba7-d91f813cbd1c": {
    "asset": 1633169969151,
    "meta": 1633611480332,
    "relativePath": "materials"
  },
  "fc09f9bd-2cce-4605-b630-8145ef809ed6": {
    "asset": 1633169969169,
    "meta": 1633611480334,
    "relativePath": "misc"
  },
  "db019bf7-f71c-4111-98cf-918ea180cb48": {
    "asset": 1633169969215,
    "meta": 1633611480337,
    "relativePath": "model"
  },
  "e39e96e6-6f6e-413f-bcf1-ac7679bb648a": {
    "asset": 1633169969203,
    "meta": 1633611480338,
    "relativePath": "model\\prefab"
  },
  "a87cc147-01b2-43f8-8e42-a7ca90b0c757": {
    "asset": 1633170747155,
    "meta": 1633611480359,
    "relativePath": "model\\prefab\\box.prefab"
  },
  "fe1417b6-fe6b-46a4-ae7c-9fd331f33a2a": {
    "asset": 1633170747162,
    "meta": 1633611480366,
    "relativePath": "model\\prefab\\capsule.prefab"
  },
  "b5fc2cf2-7942-483d-be1f-bbeadc4714ad": {
    "asset": 1633170747169,
    "meta": 1633611480369,
    "relativePath": "model\\prefab\\cone.prefab"
  },
  "1c5e4038-953a-44c2-b620-0bbfc6170477": {
    "asset": 1633170747177,
    "meta": 1633611480374,
    "relativePath": "model\\prefab\\cylinder.prefab"
  },
  "3f376125-a699-40ca-ad05-04d662eaa1f2": {
    "asset": 1633170747189,
    "meta": 1633611480376,
    "relativePath": "model\\prefab\\plane.prefab"
  },
  "2be36297-9abb-4fee-8049-9ed5e271da8a": {
    "asset": 1633169969168,
    "meta": 1633611480372,
    "relativePath": "misc\\default_video.mp4"
  },
  "6c9ef10d-b479-420b-bfe6-39cdda6a8ae0": {
    "asset": 1633170747195,
    "meta": 1633611480378,
    "relativePath": "model\\prefab\\quad.prefab"
  },
  "2d9a4b85-b0ab-4c46-84c5-18f393ab2058": {
    "asset": 1633170747319,
    "meta": 1633611480379,
    "relativePath": "model\\prefab\\sphere.prefab"
  },
  "de510076-056b-484f-b94c-83bef217d0e1": {
    "asset": 1633170747202,
    "meta": 1633611480383,
    "relativePath": "model\\prefab\\torus.prefab"
  },
  "f6e6dd15-71d1-4ffe-ace7-24fd39942c05": {
    "asset": 1633169969222,
    "meta": 1633611480380,
    "relativePath": "obsolete"
  },
  "8a96b965-2dc0-4e03-aa90-3b79cb93b5b4": {
    "asset": 1633169969221,
    "meta": 1633611480404,
    "relativePath": "obsolete\\atom.png"
  },
  "f743d2b6-b7ea-4c14-a55b-547ed4d0a045": {
    "asset": 1633169969234,
    "meta": 1633611480384,
    "relativePath": "particle"
  },
  "d0a82d39-bede-46c4-b698-c81ff0dedfff": {
    "asset": 1633169969233,
    "meta": 1633611480401,
    "relativePath": "particle\\atom.png"
  },
  "ae6c6c98-11e4-452f-8758-75f5c6a56e83": {
    "asset": 1633169969356,
    "meta": 1633611480402,
    "relativePath": "prefab"
  },
  "897ef7a1-4860-4f64-968d-f5924b18668a": {
    "asset": 1633170747387,
    "meta": 1633611480409,
    "relativePath": "prefab\\2d-camera.prefab"
  },
  "70d7cdb0-04cd-41bb-9480-c06a4785f386": {
    "asset": 1633170747392,
    "meta": 1633611480411,
    "relativePath": "prefab\\3d-camera.prefab"
  },
  "70bbeb73-6dc2-4ee4-8faf-76b3a0e34ec4": {
    "asset": 1633170747401,
    "meta": 1633611480417,
    "relativePath": "prefab\\3d-particle.prefab"
  },
  "ed88f13d-fcad-4848-aa35-65a2cb973584": {
    "asset": 1633170747408,
    "meta": 1633611480414,
    "relativePath": "prefab\\3d-stage.prefab"
  },
  "972b9a4d-47ee-4c74-b5c3-61d8a69bc29f": {
    "asset": 1633170747415,
    "meta": 1633611480419,
    "relativePath": "prefab\\button.prefab"
  },
  "2c937608-2562-40ea-b264-7395df6f0cea": {
    "asset": 1633170747421,
    "meta": 1633611480421,
    "relativePath": "prefab\\canvas.prefab"
  },
  "61aeb05b-3b32-452b-8eed-2b76deeed554": {
    "asset": 1633170747436,
    "meta": 1633611480424,
    "relativePath": "prefab\\editbox.prefab"
  },
  "27756ebb-3d33-44b0-9b96-e858fadd4dd4": {
    "asset": 1633170747443,
    "meta": 1633611480426,
    "relativePath": "prefab\\label.prefab"
  },
  "785a442c-3ceb-45be-a46e-7317f625f3b9": {
    "asset": 1633170747450,
    "meta": 1633611480432,
    "relativePath": "prefab\\layout.prefab"
  },
  "a3ee0214-b432-4865-9666-4a3211814282": {
    "asset": 1633169969291,
    "meta": 1633611480427,
    "relativePath": "prefab\\light"
  },
  "61906da3-7003-4bda-9abc-5769c76faee4": {
    "asset": 1633170747458,
    "meta": 1633611480430,
    "relativePath": "prefab\\light\\ambient.prefab"
  },
  "ddb99b39-7004-47cd-9705-751905c43c46": {
    "asset": 1633170747465,
    "meta": 1633611480437,
    "relativePath": "prefab\\light\\directional.prefab"
  },
  "0cf30284-9073-46bc-9eba-e62b69dbbff3": {
    "asset": 1633170747471,
    "meta": 1633611480435,
    "relativePath": "prefab\\light\\point.prefab"
  },
  "f5331fd2-bf42-4ee3-a3fd-3e1657600eff": {
    "asset": 1633170747478,
    "meta": 1633611480440,
    "relativePath": "prefab\\light\\spot.prefab"
  },
  "ca8401fe-ad6e-41a8-bd46-8e3e4e9945be": {
    "asset": 1633170747485,
    "meta": 1633611480443,
    "relativePath": "prefab\\pageview.prefab"
  },
  "cd33edea-55f5-46c2-958d-357a01384a36": {
    "asset": 1633170747492,
    "meta": 1633611480445,
    "relativePath": "prefab\\particlesystem.prefab"
  },
  "5965ffac-69da-4b55-bcde-9225d0613c28": {
    "asset": 1633170747514,
    "meta": 1633611480447,
    "relativePath": "prefab\\progressBar.prefab"
  },
  "4a37dd57-78cd-4cec-aad4-f11a73d12b63": {
    "asset": 1633170747523,
    "meta": 1633611480449,
    "relativePath": "prefab\\richtext.prefab"
  },
  "32044bd2-481f-4cf1-a656-e2b2fb1594eb": {
    "asset": 1633170747531,
    "meta": 1633611480452,
    "relativePath": "prefab\\scrollview.prefab"
  },
  "0004d1cf-a0ad-47d8-ab17-34d3db9d35a3": {
    "asset": 1633170747538,
    "meta": 1633611480454,
    "relativePath": "prefab\\slider.prefab"
  },
  "1f55e3be-b89b-4b79-88de-47fd31018044": {
    "asset": 1633170747545,
    "meta": 1633611480458,
    "relativePath": "prefab\\sprite_splash.prefab"
  },
  "96083d03-c332-4a3f-9386-d03e2d19e8ee": {
    "asset": 1633170747551,
    "meta": 1633611480456,
    "relativePath": "prefab\\sprite.prefab"
  },
  "7de03a80-4457-438d-95a7-3e7cdffd6086": {
    "asset": 1633170747558,
    "meta": 1633611480460,
    "relativePath": "prefab\\tiledmap.prefab"
  },
  "0e42ba95-1fa1-46aa-b2cf-143cd1bcee2c": {
    "asset": 1633170747563,
    "meta": 1633611480462,
    "relativePath": "prefab\\tiledtile.prefab"
  },
  "0d784963-d024-4ea6-a7db-03be0ad63010": {
    "asset": 1633170747571,
    "meta": 1633611480465,
    "relativePath": "prefab\\toggle.prefab"
  },
  "bf0a434c-84dd-4a8e-a08a-7a36f180cc75": {
    "asset": 1633170747579,
    "meta": 1633611480467,
    "relativePath": "prefab\\toggleContainer.prefab"
  },
  "d1b8be49-b0a0-435c-83b7-552bed4bbe35": {
    "asset": 1633170747588,
    "meta": 1633611480470,
    "relativePath": "prefab\\toggleGroup.prefab"
  },
  "232d2782-c4bd-4bb4-9e01-909f03d6d3b9": {
    "asset": 1633170747596,
    "meta": 1633611480472,
    "relativePath": "prefab\\videoplayer.prefab"
  },
  "8c5001fd-07ee-4a4b-a8a0-63e15195e94d": {
    "asset": 1633170747603,
    "meta": 1633611480552,
    "relativePath": "prefab\\webview.prefab"
  },
  "d8afc78c-4eac-4a9f-83dd-67bc70344d33": {
    "asset": 1633169969405,
    "meta": 1633611480473,
    "relativePath": "resources"
  },
  "294c1663-4adf-4a1e-a795-53808011a38a": {
    "asset": 1633169969402,
    "meta": 1633611480474,
    "relativePath": "resources\\effects"
  },
  "30682f87-9f0d-4f17-8a44-72863791461b": {
    "asset": 1633169969367,
    "meta": 1633611480509,
    "relativePath": "resources\\effects\\builtin-2d-graphics.effect"
  },
  "144c3297-af63-49e8-b8ef-1cfa29b3be28": {
    "asset": 1633169969369,
    "meta": 1633611480522,
    "relativePath": "resources\\effects\\builtin-2d-gray-sprite.effect"
  },
  "f18742d7-56d2-4eb5-ae49-2d9d710b37c8": {
    "asset": 1633169969372,
    "meta": 1633611480538,
    "relativePath": "resources\\effects\\builtin-2d-label.effect"
  },
  "0e93aeaa-0b53-4e40-b8e0-6268b4e07bd7": {
    "asset": 1633169969378,
    "meta": 1633611480551,
    "relativePath": "resources\\effects\\builtin-2d-spine.effect"
  },
  "2874f8dd-416c-4440-81b7-555975426e93": {
    "asset": 1633169969383,
    "meta": 1633611480565,
    "relativePath": "resources\\effects\\builtin-2d-sprite.effect"
  },
  "9836134e-b892-4283-b6b2-78b5acf3ed45": {
    "asset": 1633169969049,
    "meta": 1633588070233,
    "relativePath": "effects"
  },
  "430eccbf-bf2c-4e6e-8c0c-884bbb487f32": {
    "asset": 1633169969037,
    "meta": 1633588070250,
    "relativePath": "effects\\__builtin-editor-gizmo-line.effect"
  },
  "6c5cf6e1-b044-4eac-9431-835644d57381": {
    "asset": 1633169969040,
    "meta": 1633588070263,
    "relativePath": "effects\\__builtin-editor-gizmo-unlit.effect"
  },
  "115286d1-2e10-49ee-aab4-341583f607e8": {
    "asset": 1633169969048,
    "meta": 1633588070288,
    "relativePath": "effects\\__builtin-editor-gizmo.effect"
  },
  "abc2cb62-7852-4525-a90d-d474487b88f2": {
    "asset": 1633169969026,
    "meta": 1633588070353,
    "relativePath": "effects\\builtin-phong.effect"
  },
  "e2f00085-c597-422d-9759-52c360279106": {
    "asset": 1633169969033,
    "meta": 1633588070412,
    "relativePath": "effects\\builtin-toon.effect"
  },
  "f8e6b000-5643-4b86-9080-aa680ce1f599": {
    "asset": 1633169969142,
    "meta": 1633588070423,
    "relativePath": "image"
  },
  "e851e89b-faa2-4484-bea6-5c01dd9f06e2": {
    "asset": 1633169969068,
    "meta": 1633588070461,
    "relativePath": "image\\default_btn_normal.png"
  },
  "71561142-4c83-4933-afca-cb7a17f67053": {
    "asset": 1633169969064,
    "meta": 1633588070463,
    "relativePath": "image\\default_btn_disabled.png"
  },
  "edd215b9-2796-4a05-aaf5-81f96c9281ce": {
    "asset": 1633169969076,
    "meta": 1633588070477,
    "relativePath": "image\\default_editbox_bg.png"
  },
  "b43ff3c2-02bb-4874-81f7-f2dea6970f18": {
    "asset": 1633169969071,
    "meta": 1633588070479,
    "relativePath": "image\\default_btn_pressed.png"
  },
  "99170b0b-d210-46f1-b213-7d9e3f23098a": {
    "asset": 1633169969096,
    "meta": 1633588070499,
    "relativePath": "image\\default_progressbar_bg.png"
  },
  "d81ec8ad-247c-4e62-aa3c-d35c4193c7af": {
    "asset": 1633169969086,
    "meta": 1633588070501,
    "relativePath": "image\\default_panel.png"
  },
  "cfef78f1-c8df-49b7-8ed0-4c953ace2621": {
    "asset": 1633169969088,
    "meta": 1633588070516,
    "relativePath": "image\\default_progressbar.png"
  },
  "567dcd80-8bf4-4535-8a5a-313f1caf078a": {
    "asset": 1633169969100,
    "meta": 1633588070519,
    "relativePath": "image\\default_radio_button_off.png"
  },
  "4bab67cb-18e6-4099-b840-355f0473f890": {
    "asset": 1633169969109,
    "meta": 1633588070536,
    "relativePath": "image\\default_scrollbar_bg.png"
  },
  "9d60001f-b5f4-4726-a629-2659e3ded0b8": {
    "asset": 1633169969103,
    "meta": 1633588070539,
    "relativePath": "image\\default_radio_button_on.png"
  },
  "617323dd-11f4-4dd3-8eec-0caf6b3b45b9": {
    "asset": 1633169969118,
    "meta": 1633588070553,
    "relativePath": "image\\default_scrollbar_vertical_bg.png"
  },
  "d6d3ca85-4681-47c1-b5dd-d036a9d39ea2": {
    "asset": 1633169969115,
    "meta": 1633588070555,
    "relativePath": "image\\default_scrollbar_vertical.png"
  },
  "0275e94c-56a7-410f-bd1a-fc7483f7d14a": {
    "asset": 1633169969124,
    "meta": 1633588070569,
    "relativePath": "image\\default_sprite_splash.png"
  },
  "0291c134-b3da-4098-b7b5-e397edbe947f": {
    "asset": 1633169969106,
    "meta": 1633588070570,
    "relativePath": "image\\default_scrollbar.png"
  },
  "6e056173-d285-473c-b206-40a7fff5386e": {
    "asset": 1633169969121,
    "meta": 1633588070585,
    "relativePath": "image\\default_sprite.png"
  },
  "73a0903d-d80e-4e3c-aa67-f999543c08f5": {
    "asset": 1633169969131,
    "meta": 1633588070588,
    "relativePath": "image\\default_toggle_checkmark.png"
  },
  "c25b9d50-c8fc-4d27-beeb-6e7c1f2e5c0f": {
    "asset": 1633169969135,
    "meta": 1633588070604,
    "relativePath": "image\\default_toggle_disabled.png"
  },
  "d29077ba-1627-4a72-9579-7b56a235340c": {
    "asset": 1633169969138,
    "meta": 1633588070606,
    "relativePath": "image\\default_toggle_normal.png"
  },
  "b181c1e4-0a72-4a91-bfb0-ae6f36ca60bd": {
    "asset": 1633169969141,
    "meta": 1633588070619,
    "relativePath": "image\\default_toggle_pressed.png"
  },
  "600301aa-3357-4a10-b086-84f011fa32ba": {
    "asset": 1633169969057,
    "meta": 1633588070627,
    "relativePath": "image\\default-particle.png"
  },
  "c4480a0a-6ac5-443f-8b40-361a14257fc8": {
    "asset": 1633169969150,
    "meta": 1633588577132,
    "relativePath": "materials\\builtin-phong.mtl"
  },
  "b8223619-7e38-47c4-841f-9160c232495a": {
    "asset": 1633169969219,
    "meta": 1633588577143,
    "relativePath": "obsolete\\atom.plist"
  },
  "829a282c-b049-4019-bd38-5ace8d8a6417": {
    "asset": 1633169969386,
    "meta": 1633588576968,
    "relativePath": "resources\\effects\\builtin-3d-particle.effect"
  },
  "2a7c0036-e0b3-4fe1-8998-89a54b8a2bec": {
    "asset": 1633169969389,
    "meta": 1633588576994,
    "relativePath": "resources\\effects\\builtin-3d-trail.effect"
  },
  "c0040c95-c57f-49cd-9cbc-12316b73d0d4": {
    "asset": 1633169969396,
    "meta": 1633588577008,
    "relativePath": "resources\\effects\\builtin-clear-stencil.effect"
  },
  "b2687ac4-099e-403c-a192-ff477686f4f5": {
    "asset": 1633169969228,
    "meta": 1633588577145,
    "relativePath": "particle\\atom.plist"
  },
  "6d91e591-4ce0-465c-809f-610ec95019c6": {
    "asset": 1633169969401,
    "meta": 1633588577044,
    "relativePath": "resources\\effects\\builtin-unlit.effect"
  },
  "bbee2217-c261-49bd-a8ce-708d6bcc3500": {
    "asset": 1633169969446,
    "meta": 1633588577050,
    "relativePath": "resources\\materials"
  },
  "6f801092-0c37-4f30-89ef-c8d960825b36": {
    "asset": 1633169969406,
    "meta": 1633588577147,
    "relativePath": "resources\\materials\\builtin-2d-base.mtl"
  },
  "a153945d-2511-4c14-be7b-05d242f47d57": {
    "asset": 1633169969414,
    "meta": 1633588577148,
    "relativePath": "resources\\materials\\builtin-2d-graphics.mtl"
  },
  "3a7bb79f-32fd-422e-ada2-96f518fed422": {
    "asset": 1633169969417,
    "meta": 1633588577149,
    "relativePath": "resources\\materials\\builtin-2d-gray-sprite.mtl"
  },
  "e02d87d4-e599-4d16-8001-e14891ac6506": {
    "asset": 1633169969420,
    "meta": 1633588577150,
    "relativePath": "resources\\materials\\builtin-2d-label.mtl"
  },
  "7afd064b-113f-480e-b793-8817d19f63c3": {
    "asset": 1633169969422,
    "meta": 1633588577151,
    "relativePath": "resources\\materials\\builtin-2d-spine.mtl"
  },
  "eca5d2f2-8ef6-41c2-bbe6-f9c79d09c432": {
    "asset": 1633169969428,
    "meta": 1633588577152,
    "relativePath": "resources\\materials\\builtin-2d-sprite.mtl"
  },
  "432fa09c-cf03-4cff-a186-982604408a07": {
    "asset": 1633169969434,
    "meta": 1633588577153,
    "relativePath": "resources\\materials\\builtin-3d-particle.mtl"
  },
  "466d4f9b-e5f4-4ea8-85d5-3c6e9a65658a": {
    "asset": 1633169969437,
    "meta": 1633588577154,
    "relativePath": "resources\\materials\\builtin-3d-trail.mtl"
  },
  "cf7e0bb8-a81c-44a9-ad79-d28d43991032": {
    "asset": 1633169969440,
    "meta": 1633588577155,
    "relativePath": "resources\\materials\\builtin-clear-stencil.mtl"
  },
  "2a296057-247c-4a1c-bbeb-0548b6c98650": {
    "asset": 1633169969445,
    "meta": 1633588577156,
    "relativePath": "resources\\materials\\builtin-unlit.mtl"
  },
  "954fec8b-cd16-4bb9-a3b7-7719660e7558": {
    "asset": 1633169969212,
    "meta": 1633588577173,
    "relativePath": "model\\primitives.fbx"
  },
  "0b24938e-1675-4b3a-ba4c-90a7e9971122": {
    "asset": 1633619211118,
    "meta": 1633619211137,
    "relativePath": "scenes\\playingtwo.fire"
  },
  "8cbc400b-e43a-42d2-b21c-4049476420d8": {
    "asset": 1633590574330,
    "meta": 1633590576954,
    "relativePath": "scripts\\count.js"
  },
  "27981d8d-63d4-49e7-9faf-d97e4aba82c2": {
    "asset": 1633590689762,
    "meta": 1633590694532,
    "relativePath": "font"
  },
  "c2977d0b-345f-4f7b-8bc8-ace37324e34e": {
    "asset": 1575518073000,
    "meta": 1633590694623,
    "relativePath": "font\\poker_number.fnt"
  },
  "d80d3fa9-3ca7-4431-ab5f-88bf39b1068a": {
    "asset": 1575518073000,
    "meta": 1633590694628,
    "relativePath": "font\\stake_number.fnt"
  },
  "5bbb106e-64a8-47e6-9608-a31fcd1deb43": {
    "asset": 1575518073000,
    "meta": 1633590694608,
    "relativePath": "font\\stake_number.png"
  },
  "1131cf72-fd17-481f-ac93-2b18f2fcc05f": {
    "asset": 1575518073000,
    "meta": 1633590694615,
    "relativePath": "font\\poker_number.png"
  },
  "9a200e81-cdd0-4d76-a24d-dc376a1ff6eb": {
    "asset": 1633592834914,
    "meta": 1633592834940,
    "relativePath": "res\\jia.png"
  },
  "a1bf1dd0-066c-43ba-a426-a78cfe6d7f09": {
    "asset": 1633593016112,
    "meta": 1633593016139,
    "relativePath": "res\\plus.png"
  },
  "930fc93f-3bd6-44fa-9a4a-3a30add9160e": {
    "asset": 1633593145737,
    "meta": 1633593145756,
    "relativePath": "res\\minus.png"
  },
  "ca922777-0648-441c-9572-d0f452013a45": {
    "asset": 1633593444327,
    "meta": 1633593445916,
    "relativePath": "scripts\\numing.js"
  },
  "349ce2f8-1704-409c-813b-651b4c865ea6": {
    "asset": 1633593496128,
    "meta": 1633593496149,
    "relativePath": "res\\m.png"
  },
  "205575dc-3ae4-4800-a58a-ccb7419301a4": {
    "asset": 1633597025008,
    "meta": 1633597028575,
    "relativePath": "scripts\\totouzitwo.js"
  },
  "838e0c6e-85b4-4564-8a47-c9362f783c13": {
    "asset": 1633598635960,
    "meta": 1633598641669,
    "relativePath": "scripts\\turnaround.js"
  },
  "b18a4b4b-d518-488e-8db9-9cb1cd92e1bb": {
    "asset": 1633598732612,
    "meta": 1633598741886,
    "relativePath": "scripts\\turntwo.js"
  },
  "2daa9ef9-fd6a-4825-89cd-cef1f85f24c1": {
    "asset": 1633599412185,
    "meta": 1633599415109,
    "relativePath": "scripts\\rolltwo.js"
  },
  "46f60363-fbfb-44e8-9922-551fed3c713a": {
    "asset": 1633611589615,
    "meta": 1633611589655,
    "relativePath": "res\\start.png"
  },
  "22920662-e459-4f97-8da2-e3967340bfcb": {
    "asset": 1633611929864,
    "meta": 1633611929893,
    "relativePath": "res\\thequan.png"
  },
  "328949c0-32a6-4339-a300-80fe21891ad9": {
    "asset": 1633612353536,
    "meta": 1633612353555,
    "relativePath": "res\\c939ef0016976b12eb5e33234c45ac3.png"
  },
  "9713c01a-d37a-45ea-b4cf-d41692e9b2e9": {
    "asset": 1633612517212,
    "meta": 1633612517231,
    "relativePath": "res\\b7821199540665aca849d8e35a560f8.png"
  },
  "5636d58b-cdc9-4bad-877b-e61ceea15941": {
    "asset": 1633612741642,
    "meta": 1633612741659,
    "relativePath": "res\\24gf-stop.png"
  },
  "361011e9-e368-4203-8d99-1490d4628593": {
    "asset": 1633612814609,
    "meta": 1633612814629,
    "relativePath": "res\\da61c3f5819cea1d18f96041a4f72e1.png"
  },
  "847dff8a-0b5b-413d-84c2-9ff6a6a5b35c": {
    "asset": 1633612960644,
    "meta": 1633612960658,
    "relativePath": "res\\30440cbbc5bd3b7bada8d969ed8f0bf.png"
  },
  "2a3ba07d-dc03-48f0-8443-48cf600bfe83": {
    "asset": 1633613552334,
    "meta": 1633613552381,
    "relativePath": "res\\ae827ad84bccb691476255312738918 - 001.png"
  },
  "98ff2181-d2da-4bc6-a7d3-30d1e1d69f90": {
    "asset": 1633613629830,
    "meta": 1633613629853,
    "relativePath": "res\\9711a1768eedc98598e9ca8c86c64e5.png"
  },
  "e2c275bc-cf8b-406f-b436-08eb313e9948": {
    "asset": 1633613934407,
    "meta": 1633613934440,
    "relativePath": "res\\0362d83584fd9e48a02639af1199f81.png"
  },
  "c0e78ed9-e5c9-4517-92ab-88181ccc2fc0": {
    "asset": 1633614152980,
    "meta": 1633614152999,
    "relativePath": "res\\33aced145912fb0282d0befdc5aa1c2.png"
  },
  "73f44cda-3a0e-40ab-b7e7-5944dcfcfe84": {
    "asset": 1633614266577,
    "meta": 1633614266613,
    "relativePath": "res\\6ad4d3e69fcd4255437bf66b829fad3.png"
  },
  "467f0507-e9c1-4778-b116-14f3ce5087ec": {
    "asset": 1633614548620,
    "meta": 1633614548638,
    "relativePath": "res\\086befcdb0b43617855d83a3f8ee4ee.png"
  },
  "757838fa-6d65-44ad-87f6-a3695b07fe87": {
    "asset": 1633614612354,
    "meta": 1633614612370,
    "relativePath": "res\\d60d6842934b77b87df103f59eeaacd.png"
  },
  "86b2c81d-5e95-4dbb-9d28-f5dac3078144": {
    "asset": 1633614804254,
    "meta": 1633614806449,
    "relativePath": "scripts\\tonum.js"
  },
  "d68d451f-8c6d-4703-9b2a-d2b1aaab2e2a": {
    "asset": 1633614941647,
    "meta": 1633614941667,
    "relativePath": "res\\cha.png"
  },
  "8b7f5213-2ae1-4a8a-98d8-d63ab2e2f9b4": {
    "asset": 1633615101484,
    "meta": 1633615101504,
    "relativePath": "res\\tuichu.png"
  },
  "7672c8be-1f92-49dc-95fb-abc6b8ffba37": {
    "asset": 1633615256517,
    "meta": 1633615256721,
    "relativePath": "res\\65b97e4bcaa63046f34ab882164259e.png"
  },
  "1c75ec8a-524f-4020-b32d-817f062067b3": {
    "asset": 1633615628940,
    "meta": 1633615628978,
    "relativePath": "res\\b7799c1a78763e8636028a18cfb6540.png"
  },
  "32447e71-e417-4e2e-a51d-8559004aa183": {
    "asset": 1633615793218,
    "meta": 1633615793248,
    "relativePath": "res\\ca72c9ffa35776e62db8db8fc924f4e.png"
  },
  "978987f9-172f-4de3-bc4e-46cfd7ba0be8": {
    "asset": 1633615897484,
    "meta": 1633615897514,
    "relativePath": "res\\3ef62e7ac3d1732ab5ecb5dde8b7023.png"
  },
  "a64daacf-04e1-4de1-8b4e-8a0f16e3ac30": {
    "asset": 1633616089423,
    "meta": 1633616089442,
    "relativePath": "res\\311cd5c8b0b1bd1d16630b4819dc950.png"
  },
  "d9d87d1f-a7b0-4fdc-bb7b-5173d770cd45": {
    "asset": 1633617631926,
    "meta": 1633617642520,
    "relativePath": "scripts\\toanswersss.js"
  },
  "c2c51d65-9ce8-401b-8c89-ecd2e8602a87": {
    "asset": 1633617753618,
    "meta": 1633617753629,
    "relativePath": "scenes\\touzitwo.fire"
  },
  "24f7115a-f80e-44cf-83d9-b7e677c60e7a": {
    "asset": 1633617890385,
    "meta": 1633617890399,
    "relativePath": "scenes\\New Scene.fire"
  },
  "9da25846-bfe5-4190-b5c8-ec073ac3ce87": {
    "asset": 1633617991749,
    "meta": 1633617991772,
    "relativePath": "res\\74f186a6edb1ad8596765df53e5e6a4.png"
  },
  "5fd180de-7da4-4fe0-b29f-fe7f9c6cb185": {
    "asset": 1633618322508,
    "meta": 1633618322536,
    "relativePath": "res\\b8806e11be2976cb5f434e52626a3fa.png"
  },
  "1248a200-7ff0-4c1c-a13a-2c66f0f45dc2": {
    "asset": 1633618325526,
    "meta": 1633618325550,
    "relativePath": "res\\8f5f9fb5a1bba461cb8ed2989a290d5.png"
  },
  "291d5de1-6038-45bd-8da1-4a991e075483": {
    "asset": 1633618329595,
    "meta": 1633618329624,
    "relativePath": "res\\50f7ff4f1b20761926a1f6f2591b101.png"
  },
  "0120f012-651d-47cd-b145-bf0fa104da8c": {
    "asset": 1633618899693,
    "meta": 1633618899719,
    "relativePath": "res\\e24d50ce5d48e060374190d6d22e191.png"
  },
  "2a965883-3c5d-405a-8b05-2d39ba747d55": {
    "asset": 1633618913138,
    "meta": 1633618913162,
    "relativePath": "res\\cc78a1ab433bf946f650beb5f7d4811.png"
  },
  "922cf7dd-54ba-419c-b5a6-2f3fa2f108d6": {
    "asset": 1633618938156,
    "meta": 1633618938182,
    "relativePath": "res\\398272f0dda22e1af008b43ccf9e3ba.png"
  },
  "460b7d69-ef7a-4e35-af5a-611074e41a7f": {
    "asset": 1633619047524,
    "meta": 1633619047569,
    "relativePath": "res\\6a5186dc72483244ab47f2336ede568.png"
  },
  "26578b96-8d24-4af8-a567-72281648144b": {
    "asset": 1633619070346,
    "meta": 1633619070369,
    "relativePath": "res\\75e0960294eb01a00f8f21b649c3809.png"
  },
  "32b38ed1-7362-46a2-b287-64a7d13ab833": {
    "asset": 1633619181478,
    "meta": 1633619181514,
    "relativePath": "res\\55a621f81a7823c5441a516f34c205d.png"
  }
}